{
  "POP3_deepseek-reasoner": {
    "with_partial": {
      "precision": 0.5714285442176883,
      "recall": 0.6666666296296316,
      "f1_score": 0.6153840867854126,
      "matched": 12,
      "fully_correct": 0,
      "partially_correct": 12,
      "unmatched": 6
    },
    "no_partial": {
      "precision": 0.09523809070294806,
      "recall": 0.11111110493827195,
      "f1_score": 0.10256360026539356,
      "matched": 2,
      "fully_correct": 2,
      "partially_correct": 0,
      "unmatched": 16
    }
  },
  "POP3_gpt-4o-mini": {
    "with_partial": {
      "precision": 0.36363635261708027,
      "recall": 0.6666666296296316,
      "f1_score": 0.47058776009271297,
      "matched": 12,
      "fully_correct": 3,
      "partially_correct": 9,
      "unmatched": 6
    },
    "no_partial": {
      "precision": 0.12121211753902675,
      "recall": 0.2222222098765439,
      "f1_score": 0.15686228220048096,
      "matched": 4,
      "fully_correct": 4,
      "partially_correct": 0,
      "unmatched": 14
    }
  },
  "POP3_claude-3-7-sonnet-20250219": {
    "with_partial": {
      "precision": 0.3461538328402372,
      "recall": 0.49999997222222375,
      "f1_score": 0.4090904070253641,
      "matched": 9,
      "fully_correct": 0,
      "partially_correct": 9,
      "unmatched": 9
    },
    "no_partial": {
      "precision": 0.07692307396449716,
      "recall": 0.11111110493827195,
      "f1_score": 0.09090860330835497,
      "matched": 2,
      "fully_correct": 2,
      "partially_correct": 0,
      "unmatched": 16
    }
  },
  "POP3_gemini-2.0-flash": {
    "with_partial": {
      "precision": 0.33333332478632505,
      "recall": 0.7222221820987677,
      "f1_score": 0.4561399027397097,
      "matched": 13,
      "fully_correct": 3,
      "partially_correct": 10,
      "unmatched": 5
    },
    "no_partial": {
      "precision": 0.12820512491781733,
      "recall": 0.27777776234567986,
      "f1_score": 0.17543815820358374,
      "matched": 5,
      "fully_correct": 5,
      "partially_correct": 0,
      "unmatched": 13
    }
  }
}